Taxonomy	Even1	Even2	Even3
D_0__Bacteria;D_1__Firmicutes;D_2__Clostridia;D_3__Clostridiales;D_4__Lachnospiraceae;D_5__Roseburia	0.0441300000	0.0441300000	0.0441300000
D_0__Bacteria;D_1__Firmicutes;D_2__Clostridia;D_3__Clostridiales;D_4__Eubacteriaceae;D_5__Anaerofustis	0.0147100000	0.0147100000	0.0147100000
D_0__Bacteria;D_1__Proteobacteria;D_2__Gammaproteobacteria;D_3__Enterobacteriales;D_4__Enterobacteriaceae;D_5__Cedecea	0.0147000000	0.0147000000	0.0147000000
D_0__Bacteria;D_1__Firmicutes;D_2__Erysipelotrichia;D_3__Erysipelotrichales;D_4__Erysipelotrichaceae;D_5__Holdemania;D_6__Holdemania filiformis DSM 12042	0.0147000000	0.0147000000	0.0147000000
D_0__Bacteria;D_1__Actinobacteria;D_2__Actinobacteria;D_3__Bifidobacteriales;D_4__Bifidobacteriaceae;D_5__Bifidobacterium;D_6__Bifidobacterium breve	0.0147000000	0.0147000000	0.0147000000
D_0__Bacteria;D_1__Firmicutes;D_2__Clostridia;D_3__Clostridiales;D_4__Ruminococcaceae;D_5__Anaerotruncus	0.0147100000	0.0147100000	0.0147100000
D_0__Bacteria;D_1__Bacteroidetes;D_2__Bacteroidia;D_3__Bacteroidales;D_4__Porphyromonadaceae;D_5__Parabacteroides	0.0147100000	0.0147100000	0.0147100000
D_0__Bacteria;D_1__Firmicutes;D_2__Clostridia;D_3__Clostridiales;D_4__Ruminococcaceae;D_5__Subdoligranulum	0.0147100000	0.0147100000	0.0147100000
D_0__Bacteria;D_1__Actinobacteria;D_2__Coriobacteriia;D_3__Coriobacteriales;D_4__Coriobacteriaceae;D_5__Collinsella;D_6__Collinsella stercoris	0.0147000000	0.0147000000	0.0147000000
D_0__Bacteria;D_1__Proteobacteria;D_2__Gammaproteobacteria;D_3__Enterobacteriales;D_4__Enterobacteriaceae;D_5__Edwardsiella;D_6__Edwardsiella tarda	0.0147000000	0.0147000000	0.0147000000
D_0__Bacteria;D_1__Proteobacteria;D_2__Gammaproteobacteria;D_3__Enterobacteriales;D_4__Enterobacteriaceae;D_5__Citrobacter;D_6__Pantoea sp. PSB-O-1	0.0147000000	0.0147000000	0.0147000000
D_0__Bacteria;D_1__Firmicutes;D_2__Clostridia;D_3__Clostridiales;D_4__Family XI;D_5__Anaerococcus;D_6__Anaerococcus hydrogenalis	0.0147100000	0.0147100000	0.0147100000
D_0__Bacteria;D_1__Firmicutes;D_2__Clostridia;D_3__Clostridiales;D_4__Clostridiaceae 1;D_5__Clostridium sensu stricto 12	0.1618100000	0.1618100000	0.1618100000
D_0__Bacteria;D_1__Bacteroidetes;D_2__Bacteroidia;D_3__Bacteroidales;D_4__Bacteroidaceae;D_5__Bacteroides	0.1323400000	0.1323400000	0.1323400000
D_0__Bacteria;D_1__Firmicutes;D_2__Clostridia;D_3__Clostridiales;D_4__Ruminococcaceae;D_5__Ruminococcus 2	0.0588400000	0.0588400000	0.0588400000
D_0__Bacteria;D_1__Firmicutes;D_2__Clostridia;D_3__Clostridiales;D_4__Lachnospiraceae;D_5__Butyrivibrio	0.0147100000	0.0147100000	0.0147100000
D_0__Bacteria;D_1__Actinobacteria;D_2__Actinobacteria;D_3__Bifidobacteriales;D_4__Bifidobacteriaceae;D_5__Bifidobacterium	0.0588000000	0.0588000000	0.0588000000
D_0__Bacteria;D_1__Proteobacteria;D_2__Gammaproteobacteria;D_3__Enterobacteriales;D_4__Enterobacteriaceae;D_5__Providencia;D_6__Providencia stuartii ATCC 25827	0.0147000000	0.0147000000	0.0147000000
D_0__Bacteria;D_1__Firmicutes;D_2__Bacilli;D_3__Lactobacillales;D_4__Streptococcaceae;D_5__Streptococcus;D_6__Streptococcus infantarius subsp. infantarius	0.0147100000	0.0147100000	0.0147100000
D_0__Bacteria;D_1__Firmicutes;D_2__Clostridia;D_3__Clostridiales;D_4__Lachnospiraceae;D_5__Coprococcus 1	0.0147100000	0.0147100000	0.0147100000
D_0__Bacteria;D_1__Actinobacteria;D_2__Coriobacteriia;D_3__Coriobacteriales;D_4__Coriobacteriaceae;D_5__Collinsella;D_6__Collinsella intestinalis	0.0147000000	0.0147000000	0.0147000000
D_0__Bacteria;D_1__Proteobacteria;D_2__Gammaproteobacteria;D_3__Enterobacteriales;D_4__Enterobacteriaceae;D_5__Enterobacter;D_6__Enterobacter cancerogenus	0.0147000000	0.0147000000	0.0147000000
D_0__Bacteria;D_1__Proteobacteria;D_2__Gammaproteobacteria;D_3__Enterobacteriales;D_4__Enterobacteriaceae;D_5__Providencia;D_6__Providencia alcalifaciens	0.0147000000	0.0147000000	0.0147000000
D_0__Bacteria;D_1__Firmicutes;D_2__Clostridia;D_3__Clostridiales;D_4__Clostridiaceae 1;D_5__Clostridium sensu stricto 18;D_6__Clostridium sporogenes	0.0147100000	0.0147100000	0.0147100000
D_0__Bacteria;D_1__Bacteroidetes;D_2__Bacteroidia;D_3__Bacteroidales;D_4__Rikenellaceae;D_5__Alistipes	0.0147100000	0.0147100000	0.0147100000
D_0__Bacteria;D_1__Bacteroidetes;D_2__Bacteroidia;D_3__Bacteroidales;D_4__Bacteroidaceae;D_5__Bacteroides;D_6__Bacteroides coprophilus	0.0147000000	0.0147000000	0.0147000000
D_0__Bacteria;D_1__Proteobacteria;D_2__Gammaproteobacteria;D_3__Enterobacteriales;D_4__Enterobacteriaceae;D_5__Providencia;D_6__Providencia rettgeri	0.0147000000	0.0147000000	0.0147000000
D_0__Bacteria;D_1__Firmicutes;D_2__Clostridia;D_3__Clostridiales;D_4__Ruminococcaceae;D_5__[Eubacterium] coprostanoligenes group	0.0294200000	0.0294200000	0.0294200000
D_0__Bacteria;D_1__Bacteroidetes;D_2__Bacteroidia;D_3__Bacteroidales;D_4__Prevotellaceae;D_5__Prevotella	0.0147100000	0.0147100000	0.0147100000
D_0__Bacteria;D_1__Bacteroidetes;D_2__Bacteroidia;D_3__Bacteroidales;D_4__Bacteroidaceae;D_5__Bacteroides;D_6__Bacteroides finegoldii	0.0147000000	0.0147000000	0.0147000000
D_0__Bacteria;D_1__Firmicutes;D_2__Clostridia;D_3__Clostridiales;D_4__Lachnospiraceae;D_5__Dorea;D_6__Dorea formicigenerans ATCC 27755	0.0147100000	0.0147100000	0.0147100000
D_0__Bacteria;D_1__Firmicutes;D_2__Negativicutes;D_3__Selenomonadales;D_4__Veillonellaceae;D_5__Mitsuokella;D_6__Mitsuokella multacida	0.0147100000	0.0147100000	0.0147100000
D_0__Bacteria;D_1__Actinobacteria;D_2__Actinobacteria;D_3__Bifidobacteriales;D_4__Bifidobacteriaceae;D_5__Bifidobacterium;D_6__Bifidobacterium pseudocatenulatum	0.0294000000	0.0294000000	0.0294000000
D_0__Bacteria;D_1__Bacteroidetes;D_2__Bacteroidia;D_3__Bacteroidales;D_4__Bacteroidaceae;D_5__Bacteroides;D_6__Bacteroides ovatus str. 3725 D1 iv	0.0147100000	0.0147100000	0.0147100000
D_0__Bacteria;D_1__Firmicutes;D_2__Erysipelotrichia;D_3__Erysipelotrichales;D_4__Erysipelotrichaceae;D_5__Catenibacterium;D_6__Catenibacterium mitsuokai DSM 15897	0.0294200000	0.0294200000	0.0294200000
D_0__Bacteria;D_1__Proteobacteria;D_2__Gammaproteobacteria;D_3__Enterobacteriales;D_4__Enterobacteriaceae;D_5__Providencia;D_6__Providencia rustigianii	0.0147000000	0.0147000000	0.0147000000
D_0__Bacteria;D_1__Firmicutes;D_2__Clostridia;D_3__Clostridiales;D_4__Peptococcaceae;D_5__Desulfitobacterium	0.0147000000	0.0147000000	0.0147000000
D_0__Bacteria;D_1__Actinobacteria;D_2__Actinobacteria;D_3__Bifidobacteriales;D_4__Bifidobacteriaceae;D_5__Bifidobacterium;D_6__Bifidobacterium angulatum	0.0147000000	0.0147000000	0.0147000000
D_0__Bacteria;D_1__Proteobacteria;D_2__Gammaproteobacteria;D_3__Enterobacteriales;D_4__Enterobacteriaceae;D_5__Proteus	0.0147000000	0.0147000000	0.0147000000
